,CVE_DOC,FECHA_DOC,NOMBRE_VENDEDOR,NOMBRE_CLIENTE,CANT,CVE_ART,DESCR,PRECIO_UNITARIO,COSTO_UNITARIO,COSTO_UNITARIO_CALCULADO,SUBTOTAL_PARTIDA,COSTO_TOTAL_CALCULADO,MARGEN_UNITARIO_CALCULADO,MARGEN_TOTAL_CALCULADO
1412,F39824,2022-12-23,ALFREDO CANELA,MEGO AFEK,1,TUA00325,"TUB INOX 1/2""ØX75CM ""U"" 30KW440V BRIDA6""",12500.0,4579.08,4579.08,12500.0,4579.08,7920.92,7920.92
1415,F39830,2022-12-23,LETICIA RAMIREZ HERNANDEZ,TORJJS,6,BP00006,BAN P INOX 1800x25mm 2800W 440V. CABLE,1888.0,0.0,294.5,11328.0,1767.02,1593.5,9560.98
1423,F39835,2022-12-23,LETICIA RAMIREZ HERNANDEZ,SEVEN DAYS ALL SPORT,3,TUE00394,"TUB INOX 5/16""ØX300MM 5300W 220V ""M"" ESP",2182.35,0.0,596.55,6547.05,1789.64,1585.8,4757.41
1424,F39837,2022-12-23,LETICIA RAMIREZ HERNANDEZ,REVUELTA MONTECARLO,1,TUA00470,"TUB INOX 1/2""ØX500MM 10KW 220V 2 1/2""NPT",5909.84,1884.35,1884.35,5909.84,1884.35,4025.49,4025.49
